"dt","nom_doc","type","rq"
"2013-03-27 11:16:27+00","avril_opérateur.xls","pj","provient du mailplanning avril2013 -"
"2013-03-27 11:16:27+00","planning avril2013 -","ml",""
"2013-03-28 08:45:41+00","planning_vacances2013.xls","pj","provient du mailvacances 2013....."
"2013-03-28 08:45:41+00","vacances 2013.....","ml",""
"2013-04-03 12:35:15+00","Fwd: erreur ou pas sur le planning","ml",""
"2013-04-03 12:37:58+00","planning_bis_vacances_2013.xls","pj","provient du mailplanning avec modif intégrée suite erreur de ma part ou modif demandée par vous"
"2013-04-03 12:37:58+00","planning avec modif intégrée suite erreur de ma part ou modif demandée par vous","ml",""
"2013-07-10 15:11:32+00","modif_planning_10.7.2013.xls","pj","provient du mailmodification planning du 17.07 au 31.08.2013"
"2013-07-10 15:11:32+00","modification planning du 17.07 au 31.08.2013","ml",""
"2013-07-10 15:15:45+00","back up - modification de planning","ml",""
"2013-09-30 12:33:08+00","modif_planning_arret_humberto.xlsx","pj","provient du mailmodif planning arret maladie humbero"
"2013-09-30 12:33:08+00","modif planning arret maladie humbero","ml",""
"2013-11-07 07:16:05+00","modif et suite du planning operateur du 18.11 au 05.01.2014","ml",""
"2013-11-07 07:16:05+00","planning_du_18112013_au_05012013.xlsx","pj","provient du mailmodif et suite du planning operateur du 18.11 au 05.01.2014"
"2013-11-18 16:10:00+00","nouveau planning et horaire pour la permanence.","ml",""
"2013-11-18 16:10:00+00","planning_du_01.01.2014_AU_06.04.2014_-_MODIF_ATTENTION.xlsx","pj","provient du mailnouveau planning et horaire pour la permanence."
"2013-11-18 16:11:55+00","planning bis","ml",""
"2013-11-18 16:11:55+00","planning_du_01.01.2014_AU_06.04.2014_-_MODIF_ATTENTION.xlsx","pj","provient du mailplanning bis"
"2013-12-30 15:51:04+00","ERREUR SUR PLANNING","ml",""
"2014-01-07 09:06:48+00","poste et travail","ml",""
"2014-03-04 09:49:40+00","PLANNING_VACANCES_ETE_2014.xlsx","pj","provient du mailplanning ete 2014"
"2014-03-04 09:49:40+00","planning ete 2014","ml",""
"2014-05-16 06:28:10+00","Poste permanence du matin et charge de travail journalière","ml",""
"2014-05-16 07:57:08+00","Re: Poste permanence du matin et charge de travail journalière","ml",""
"2014-09-11 09:06:32+00","Modification planning pc à compter du 15.09.2014","ml",""
"2014-09-11 09:06:32+00","modif_planning_pc_à_compter_du_15.09.2014.xlsx","pj","provient du mailModification planning pc à compter du 15.09.2014"
"2014-10-23 14:40:41+00","le planning provisoire.... (je dois faire poser les ""5 eme semaine début janvier ..peut être à compter du 05.01.2014)","ml",""
"2014-10-23 14:40:41+00","planning_vacances_de_noel_etc.xlsx","pj","provient du maille planning provisoire.... (je dois faire poser les ""5 eme semaine début janvier ..peut être à compter du 05.01.2014)"
"2014-12-12 13:21:09+00","PLANNING A COMPTER DU 01.01.2015","ml",""
"2014-12-12 13:21:09+00","MODIF_PLANNING_A_COMPTER_DU_01.01.2015.xlsx","pj","provient du mailPLANNING A COMPTER DU 01.01.2015"
"2015-01-20 14:08:53+00","POSTE DU 03.03.2015 POUR LOIC ET BENOIT V MODIFICATION PLANNING","ml",""
"2015-02-26 16:45:46+00","CONGES 2015","ml",""
"2015-03-03 15:58:20+00","MODIFICATION DE PLANNING A COMPTER DU 03.03.2015","ml",""
"2015-03-03 15:58:20+00","modif_planning_a_compter_du_03.03.2015.xlsx","pj","provient du mailMODIFICATION DE PLANNING A COMPTER DU 03.03.2015"
"2015-03-20 08:26:35+00","CONGES_ETE_2015.xlsx","pj","provient du mailCONGES ETE 2015"
"2015-03-20 08:26:35+00","CONGES ETE 2015","ml",""
"2015-04-07 05:37:08+00","MODIF A COMPTER DE CETTE SEMAINE POUR 3 SEMAINES SI HUMB EN AM","ml",""
"2015-04-08 07:16:55+00","Re: planning du 7 au  26 si am humberto","ml",""
"2015-04-09 10:15:41+00","planning modifié pour arrêt maladie d humberto maintenu","ml",""
"2015-04-20 19:59:35+00","changement planning chris g et laurent ?","ml",""
"2015-04-20 19:59:35+00","modif_planning_derniere_semaine_d_avril_pour_laurent_et_chris_g.ods","pj","provient du mailchangement planning chris g et laurent ?"
"2015-04-30 08:05:58+00","RETOUR DE HUMBERTO","ml",""
"2015-05-22 12:49:37+00","MODIFICATION PLANNING POUR le week end du 23 et 24.05.2015","ml",""
"2015-06-22 08:23:23+00","Absence de Loic ce lundi 22.06.2015 de 19h à 7h","ml",""
"2016-01-19 17:58:29+00","Planning Février 2016","ml",""
"2016-01-19 17:58:29+00","Planning_PC_Février_2016_ref2016011901.pdf","pj","provient du mailPlanning Février 2016"
"2016-02-05 07:34:44+00","Prise de congés","ml",""
"2016-02-18 15:55:22+00","Planning_PC_Mars_2016_ref2016021701.pdf","pj","provient du mailPlanning mars 2016"
"2016-02-18 15:55:22+00","Planning mars 2016","ml",""
"2016-03-16 18:18:44+00","Re: Planning avril 2016","ml",""
"2016-04-13 14:05:44+00","Aménagement planning à compter du 20/04/2016","ml",""
"2016-04-13 14:05:44+00","CHANGEMENT_AU_20.04.2016.pdf","pj","provient du mailAménagement planning à compter du 20/04/2016"
"2016-04-19 12:36:11+00","2016_AVRIL_MAJ_AU_19.04.2016.ods","pj","provient du mailModifications planning 2016"
"2016-04-19 12:36:11+00","Modifications planning 2016","ml",""
"2016-04-27 14:29:06+00","PLANNING DU MOIS DE MAI 2016","ml",""
"2016-04-27 14:29:06+00","2016_MAI.ods","pj","provient du mailPLANNING DU MOIS DE MAI 2016"
"2016-04-28 08:46:17+00","PLANNING PC MAI 2016 Modifié","ml",""
"2016-04-28 08:46:17+00","2016_MAI.odg","pj","provient du mailPLANNING PC MAI 2016 Modifié"
"2016-05-06 09:54:12+00","DATES CONGES ETE 2016","ml",""
"2016-05-06 09:54:12+00","CONGES_ETE_2016.pdf","pj","provient du mailDATES CONGES ETE 2016"
"2016-05-06 12:28:00+00","MAJ PLANNING CONGES","ml",""
"2016-05-06 12:28:00+00","CONGES_ETE_2016.pdf","pj","provient du mailMAJ PLANNING CONGES"
"2016-05-25 14:40:46+00","2016_JUIN.pdf","pj","provient du mailPLANNING JUIN 2016"
"2016-05-25 14:40:46+00","PLANNING JUIN 2016","ml",""
"2016-05-26 06:54:19+00","rectificatif planning juin","ml",""
"2016-05-26 06:54:19+00","2016_JUIN.pdf","pj","provient du mailrectificatif planning juin"
"2016-05-26 09:27:51+00","MAJ Planning","ml",""
"2016-05-26 09:27:51+00","2016_JUIN.pdf","pj","provient du mailMAJ Planning"
"2016-05-30 07:05:58+00","Re: planning de juin","ml",""
"2016-06-02 12:59:13+00","2016_JUILLET.pdf","pj","provient du mailplanning juillet 2016"
"2016-06-02 12:59:13+00","planning juillet 2016","ml",""
"2016-06-03 07:30:29+00","Rectifications planning JUILLET 2016","ml",""
"2016-06-03 07:30:29+00","JUILLET_2016.pdf","pj","provient du mailRectifications planning JUILLET 2016"
"2016-07-19 14:27:17+00","AOUT_2016.pdf","pj","provient du mailPC PLANNING AOUT 2016"
"2016-07-19 14:27:17+00","PC PLANNING AOUT 2016","ml",""
"2016-07-25 12:21:43+00","AOUT_2016.pdf","pj","provient du mailPLANNING AOUT 2016 rectifié"
"2016-07-25 12:21:43+00","PLANNING AOUT 2016 rectifié","ml",""
"2016-07-29 07:01:55+00","AOUT2016.pdf","pj","provient du mailMODIFICATION PLANNING - Concerne Corentin et Humerto"
"2016-07-29 07:01:55+00","MODIFICATION PLANNING - Concerne Corentin et Humerto","ml",""
"2016-07-29 07:03:37+00","Re: planning mois d août","ml",""
"2016-07-29 07:10:01+00","planning de juillet. poste P1 du 29/07","ml",""
"2016-07-29 07:10:01+00","juillet_2016_maj.pdf","pj","provient du mailplanning de juillet. poste P1 du 29/07"
"2016-08-01 11:32:07+00","PC - Planning SEPTEMBRE 2016","ml",""
"2016-08-01 11:32:07+00","SEPTEMBRE_2016.pdf","pj","provient du mailPC - Planning SEPTEMBRE 2016"
"2016-08-01 11:32:07+00","AOUT_2016.pdf","pj","provient du mailPC - Planning SEPTEMBRE 2016"
"2016-08-01 12:05:10+00","PC PLANNING SEPTEMBRE 2016","ml",""
"2016-08-01 12:05:10+00","SEPTEMBRE_2016.pdf","pj","provient du mailPC PLANNING SEPTEMBRE 2016"
"2016-08-02 08:43:03+00","Re: PC - Planning SEPTEMBRE 2016","ml",""
"2016-08-02 12:19:50+00","SEPTEMBRE_2016.pdf","pj","provient du mailplanning septembre 2016"
"2016-08-02 12:19:50+00","planning septembre 2016","ml",""
"2016-08-03 09:49:29+00","AOUT_2016.pdf","pj","provient du mailInversions postes"
"2016-08-03 09:49:29+00","Inversions postes","ml",""
"2016-08-03 11:30:12+00","PLANNINGS AOUT - SEPTEMBRE 2016 rectifiés (encore)","ml",""
"2016-08-03 11:30:12+00","SEPTEMBRE_2016.pdf","pj","provient du mailPLANNINGS AOUT - SEPTEMBRE 2016 rectifiés (encore)"
"2016-08-03 11:30:12+00","AOUT_2016.pdf","pj","provient du mailPLANNINGS AOUT - SEPTEMBRE 2016 rectifiés (encore)"
"2016-08-27 06:14:07+00","SEPTEMBRE_2016.pdf","pj","provient du mailPLANNINGS AOUT - SEPTEMBRE 2016"
"2016-08-27 06:14:07+00","PLANNINGS AOUT - SEPTEMBRE 2016","ml",""
"2016-08-27 06:14:07+00","AOUT_2016.pdf","pj","provient du mailPLANNINGS AOUT - SEPTEMBRE 2016"
"2016-08-29 07:44:21+00","AOUT_2016.pdf","pj","provient du mailmaj Planning"
"2016-08-29 07:44:21+00","SEPTEMBRE_2016.pdf","pj","provient du mailmaj Planning"
"2016-08-29 07:44:21+00","maj Planning","ml",""
"2016-09-22 06:49:14+00","PLANNING PC OCTOBRE 2016","ml",""
"2016-09-22 06:49:14+00","SEPTEMBRE_2016.pdf","pj","provient du mailPLANNING PC OCTOBRE 2016"
"2016-09-22 06:49:14+00","octobre_2016.pdf","pj","provient du mailPLANNING PC OCTOBRE 2016"
"2016-09-22 07:05:32+00","PLANNING OCTOBRE","ml",""
"2016-09-22 07:05:32+00","octobre_2016.pdf","pj","provient du mailPLANNING OCTOBRE"
"2016-09-22 07:05:32+00","SEPTEMBRE_2016.pdf","pj","provient du mailPLANNING OCTOBRE"
"2016-09-26 13:30:59+00","Planning OCTOBRE 2016","ml",""
"2016-09-26 13:30:59+00","octobre_2016.pdf","pj","provient du mailPlanning OCTOBRE 2016"
"2016-09-27 07:32:28+00","octobre_2016.pdf","pj","provient du mailPLANNING OCTOBRE 2016 Corrigé"
"2016-09-27 07:32:28+00","PLANNING OCTOBRE 2016 Corrigé","ml",""
"2016-09-27 09:25:28+00","Planning octobre 2016","ml",""
"2016-09-27 09:25:28+00","octobre_2016.pdf","pj","provient du mailPlanning octobre 2016"
"2016-10-06 11:28:32+00","Re: échange de poste entre bh et cl","ml",""
"2016-10-07 13:35:41+00","PLANNING NOVEMBRE 2016","ml",""
"2016-10-07 13:35:41+00","NOVEMBRE_2016.pdf","pj","provient du mailPLANNING NOVEMBRE 2016"
"2016-11-04 10:31:39+00","Planning décembre 2016 (imminent)","ml",""
"2016-11-04 10:31:39+00","ANALYSE_CP_NOEL_ET_NOUVEL_AN.pdf","pj","provient du mailPlanning décembre 2016 (imminent)"
"2016-11-07 14:31:37+00","PLANNING DECEMBRE 2016","ml",""
"2016-11-07 14:31:37+00","DECEMBRE_2016.pdf","pj","provient du mailPLANNING DECEMBRE 2016"
"2016-11-18 07:19:59+00","Re: planning / décembre / demande déplacement du poste du 13/12 vers le 14/12","ml",""
"2016-11-23 07:55:50+00","Proprosition échange horaires décembre : 13 décembre contre 14 décembre","ml",""
"2016-11-23 07:58:51+00","DECEMBRE_2016.pdf","pj","provient du mailMAJ Planning décembre 2016"
"2016-11-23 07:58:51+00","MAJ Planning décembre 2016","ml",""
"2016-11-25 09:28:43+00","Mise en page cahier pointage horaires","ml",""
"2016-11-28 08:25:36+00","DECEMBRE_2016_MAJ_Du_28.11.2016.pdf","pj","provient du mailMAJ Planning décembre 2016"
"2016-11-28 08:25:36+00","MAJ Planning décembre 2016","ml",""
"2016-11-28 08:28:33+00","maj planning decembre 2016","ml",""
"2016-11-28 08:28:33+00","DECEMBRE_2016_MAJ_Du_28.11.2016.pdf","pj","provient du mailmaj planning decembre 2016"
"2016-11-28 08:39:02+00","Re: changement de postes","ml",""
"2016-12-02 14:40:45+00","PC - Planning janvier 2017","ml",""
"2016-12-02 14:40:45+00","2017_JANVIER.pdf","pj","provient du mailPC - Planning janvier 2017"
"2016-12-08 07:16:44+00","DECEMBRE_MAJ_DU_08.12.2016.pdf","pj","provient du mailMAJ Planning DÉCEMBRE 2016"
"2016-12-08 07:16:44+00","MAJ Planning DÉCEMBRE 2016","ml",""
"2016-12-08 09:32:08+00","2017_FEVRIER.pdf","pj","provient du mailPlanning février 2017"
"2016-12-08 09:32:08+00","Planning février 2017","ml",""
"2016-12-12 09:38:03+00","Modifications planning de Décembre 2016","ml",""
"2016-12-12 09:38:03+00","decembre_2016_MAJ_DU_12.12.2016.pdf","pj","provient du mailModifications planning de Décembre 2016"
"2016-12-14 10:34:36+00","DÉCEMBRE 2016 - MAJ","ml",""
"2016-12-14 10:34:36+00","DECEMBRE_2016.pdf","pj","provient du mailDÉCEMBRE 2016 - MAJ"
"2017-01-02 14:10:25+00","2017_JANVIER.pdf","pj","provient du mailMODIFICATION PLANNING JANVIER 2017"
"2017-01-02 14:10:25+00","MODIFICATION PLANNING JANVIER 2017","ml",""
"2017-01-02 14:10:25+00","bf","pj","provient du mailMODIFICATION PLANNING JANVIER 2017"
"2017-01-02 14:56:49+00","ESSAIS_GROUPE_PRINCIPAL__DU_02.01.2017_AU_14.01.2019.ods","pj","provient du mailESSAIS GROUPE PC principal (125, rue de Tourcoing) ET Back Up (69,  rue de Tourcoing)"
"2017-01-02 14:56:49+00","ESSAIS_GROUPE_PC_BACK_UP_DU_02.01.2017_AU_14.01.2019.ods","pj","provient du mailESSAIS GROUPE PC principal (125, rue de Tourcoing) ET Back Up (69,  rue de Tourcoing)"
"2017-01-02 14:56:49+00","ESSAIS GROUPE PC principal (125, rue de Tourcoing) ET Back Up (69,  rue de Tourcoing)","ml",""
"2017-01-02 14:56:49+00","bf","pj","provient du mailESSAIS GROUPE PC principal (125, rue de Tourcoing) ET Back Up (69,  rue de Tourcoing)"
"2017-01-11 11:01:55+00","2017_JANVIER.pdf","pj","provient du mailDOMOVEIL - MAJ Planning JANVIER 2017"
"2017-01-11 11:01:55+00","2017.png","pj","provient du mailDOMOVEIL - MAJ Planning JANVIER 2017"
"2017-01-11 11:01:55+00","DOMOVEIL - MAJ Planning JANVIER 2017","ml",""
"2017-01-17 13:14:59+00","2017.png","pj","provient du mailAménagements planning"
"2017-01-17 13:14:59+00","2017_JANVIER.pdf","pj","provient du mailAménagements planning"
"2017-01-17 13:14:59+00","Aménagements planning","ml",""
"2017-02-09 10:54:27+00","DOMOVEIL - Planning du mois de Mars 2016","ml",""
"2017-02-09 10:54:27+00","2017_MARS.pdf","pj","provient du mailDOMOVEIL - Planning du mois de Mars 2016"
"2017-02-17 13:20:47+00","CP ETE 2017","ml",""
"2017-02-17 13:20:47+00","CONGES_ETE_2017.pdf","pj","provient du mailCP ETE 2017"
"2017-02-17 15:51:32+00","CONGES_ETE_2017.pdf","pj","provient du mailCP ... Ca se corse"
"2017-02-17 15:51:32+00","CP ... Ca se corse","ml",""
"2017-02-20 09:18:42+00","échange de postes","ml",""
"2017-02-20 09:22:29+00","MAJ PLANNING MARS","ml",""
"2017-02-20 09:22:29+00","2017_MARS.pdf","pj","provient du mailMAJ PLANNING MARS"
"2017-02-22 15:16:25+00","PLANNING AVRIL 2017","ml",""
"2017-02-22 15:16:25+00","2017_AVRIL.pdf","pj","provient du mailPLANNING AVRIL 2017"
"2017-02-22 15:16:25+00","2017_MARS.pdf","pj","provient du mailPLANNING AVRIL 2017"
"2017-02-23 09:07:37+00","PLANNING AVRIL 2017","ml",""
"2017-02-23 09:07:37+00","2017_AVRIL.pdf","pj","provient du mailPLANNING AVRIL 2017"
"2017-02-23 10:10:48+00","2017_AVRIL.pdf","pj","provient du mailDOMOVEIL  - PLANNING PC - AVRIL 2017"
"2017-02-23 10:10:48+00","DOMOVEIL  - PLANNING PC - AVRIL 2017","ml",""
"2017-02-27 10:31:06+00","2017_AVRIL.pdf","pj","provient du mailDOMOVEIL - PLANNING AVRIL MAJ"
"2017-02-27 10:31:06+00","DOMOVEIL - PLANNING AVRIL MAJ","ml",""
"2017-03-27 13:51:39+00","2017_MAI.pdf","pj","provient du mailDOMOVEIL - Planning PC MAI 2017"
"2017-03-27 13:51:39+00","DOMOVEIL - Planning PC MAI 2017","ml",""
"2017-04-10 07:11:46+00","Propositions échange de postes","ml",""
"2017-04-10 07:16:35+00","DOMOVEIL - Planning MAI 2017 modifié","ml",""
"2017-04-10 07:16:35+00","2017_MAI.pdf","pj","provient du mailDOMOVEIL - Planning MAI 2017 modifié"
"2017-04-24 07:14:18+00","CONGES_ETE_2017_-_PROPOSITION_CHANGEMENT_AU_24.04.2017.pdf","pj","provient du mailproposition échange de congés payés"
"2017-04-24 07:14:18+00","proposition échange de congés payés","ml",""
"2017-04-27 06:17:50+00","PLANNING CP ETE 2017","ml",""
"2017-04-27 06:17:50+00","CONGES_ETE_2017_-_MAJ_du_27.04.2017.pdf","pj","provient du mailPLANNING CP ETE 2017"
"2017-05-16 06:36:04+00","PLANNING JUIN 2017","ml",""
"2017-05-16 06:36:04+00","2017_JUIN.pdf","pj","provient du mailPLANNING JUIN 2017"
"2017-05-18 14:13:31+00","2017_JUIN.pdf","pj","provient du mailActualisation plannings"
"2017-05-18 14:13:31+00","2017_MAI.pdf","pj","provient du mailActualisation plannings"
"2017-05-18 14:13:31+00","Actualisation plannings","ml",""
"2017-05-18 14:13:31+00","2017_JUILLET.pdf","pj","provient du mailActualisation plannings"
"2017-05-22 10:09:29+00","2017_JUILLET.pdf","pj","provient du mailModification planning"
"2017-05-22 10:09:29+00","Modification planning","ml",""
"2017-05-22 10:09:29+00","2017_JUIN.pdf","pj","provient du mailModification planning"
"2017-05-22 10:09:29+00","2017_MAI.pdf","pj","provient du mailModification planning"
"2017-05-24 15:07:18+00","2017_JUIN.pdf","pj","provient du mailPLANNING MAI ET JUIN - Aménagements suite AM"
"2017-05-24 15:07:18+00","2017_MAI.pdf","pj","provient du mailPLANNING MAI ET JUIN - Aménagements suite AM"
"2017-05-24 15:07:18+00","PLANNING MAI ET JUIN - Aménagements suite AM","ml",""
"2017-06-14 10:43:25+00","MAJ PLANNING JUIN 2017","ml",""
"2017-06-14 10:43:25+00","2017_JUIN.pdf","pj","provient du mailMAJ PLANNING JUIN 2017"
"2017-06-14 12:22:51+00","2017_JUIN.pdf","pj","provient du mailCorrection planning JUIN"
"2017-06-14 12:22:51+00","Correction planning JUIN","ml",""
"2017-06-19 11:22:11+00","DOMOVEIL - Planning prévisionnel AOUT 2017","ml",""
"2017-06-19 11:22:11+00","2017_AOUT.pdf","pj","provient du mailDOMOVEIL - Planning prévisionnel AOUT 2017"
"2017-06-21 06:33:06+00","DOMOVEIL - Planning prévisionnel AOUT 2017","ml",""
"2017-06-23 13:30:32+00","2017_AOUT.ods","pj","provient du mailRe: planning par mail"
"2017-06-23 13:30:32+00","Re: planning par mail","ml",""
"2017-06-26 13:29:25+00","ESSAIS_GROUPE_PRINCIPAL__DU_02.01.2017_AU_08.10.2018.ods","pj","provient du mailessais groupes PC principal ET Back up"
"2017-06-26 13:29:25+00","essais groupes PC principal ET Back up","ml",""
"2017-06-26 13:53:20+00","2017_AOUT.pdf","pj","provient du mailMAJ Planning AOUT 2017"
"2017-06-26 13:53:20+00","MAJ Planning AOUT 2017","ml",""
"2017-08-29 16:09:11+00","PLANNING_VACANCES_ETE_2014.xlsx","pj","provient du mailplanning ete 2014"
"2017-08-29 16:09:11+00","planning ete 2014","ml",""
"2017-08-29 16:09:12+00","PERMANENCE TELEPHONIQUE","ml",""
"2017-08-29 16:09:13+00","Re: Planning avril 2016","ml",""
"2017-08-29 16:09:15+00","NOVEMBRE_2016.pdf","pj","provient du mailPLANNING NOVEMBRE 2016"
"2017-08-29 16:09:15+00","PLANNING NOVEMBRE 2016","ml",""
"2017-08-29 16:09:16+00","pose heures repos compensateur 1%","ml",""
"2017-08-29 16:09:17+00","2017_AOUT_(2).pdf","pj","provient du mailDOMOVEIL - MAJ Planning AOUT 2017"
"2017-08-29 16:09:17+00","DOMOVEIL - MAJ Planning AOUT 2017","ml",""
"2017-08-29 16:09:17+00","2017_SEPTEMBRE.pdf","pj","provient du mailPLANNING SEPTEMBRE 2017"
"2017-08-29 16:09:17+00","PLANNING SEPTEMBRE 2017","ml",""
"2017-08-29 16:09:18+00","2017_AOUT.pdf","pj","provient du mailDOMOVEIL - Planning prévisionnel AOUT 2017"
"2017-08-29 16:09:18+00","MAJ Planning AOUT 2017","ml",""
"2017-08-29 16:09:18+00","DOMOVEIL - Planning prévisionnel AOUT 2017","ml",""
"2017-08-29 16:09:18+00","2017_AOUT.pdf","pj","provient du mailMAJ Planning AOUT 2017"
"2017-08-29 16:09:19+00","2017_JUIN.pdf","pj","provient du mailPLANNING MAI ET JUIN - Aménagements suite AM"
"2017-08-29 16:09:19+00","2017_MAI.pdf","pj","provient du mailPLANNING MAI ET JUIN - Aménagements suite AM"
"2017-08-29 16:09:19+00","PLANNING MAI ET JUIN - Aménagements suite AM","ml",""
"2017-08-29 16:09:20+00","DOMOVEIL - Planning PC MAI 2017","ml",""
"2017-08-29 16:09:20+00","DOMOVEIL - Planning MAI 2017 modifié","ml",""
"2017-08-29 16:09:20+00","2017_MAI.pdf","pj","provient du mailDOMOVEIL - Planning PC MAI 2017"
"2017-08-29 16:09:20+00","2017_MAI.pdf","pj","provient du mailDOMOVEIL - Planning MAI 2017 modifié"
"2017-08-29 16:09:21+00","DOMOVEIL  - PLANNING PC - AVRIL 2017","ml",""
"2017-08-29 16:09:21+00","DOMOVEIL - MAJ Planning JANVIER 2017","ml",""
"2017-08-29 16:09:21+00","2017_JANVIER.pdf","pj","provient du mailDOMOVEIL - MAJ Planning JANVIER 2017"
"2017-08-29 16:09:21+00","2017_AVRIL.pdf","pj","provient du mailDOMOVEIL  - PLANNING PC - AVRIL 2017"
"2017-08-29 16:09:21+00","DOMOVEIL - Planning du mois de Mars 2016","ml",""
"2017-08-29 16:09:21+00","2017_MARS.pdf","pj","provient du mailDOMOVEIL - Planning du mois de Mars 2016"
"2017-08-29 16:09:21+00","2017.png","pj","provient du mailDOMOVEIL - MAJ Planning JANVIER 2017"
"2017-08-29 16:09:23+00","decembre_2016_MAJ_DU_12.12.2016.pdf","pj","provient du mailModifications planning de Décembre 2016"
"2017-08-29 16:09:23+00","Modifications planning de Décembre 2016","ml",""
"2017-08-29 16:09:24+00","Re: planning / décembre / demande déplacement du poste du 13/12 vers le 14/12","ml",""
"2017-08-29 16:09:25+00","planning de juillet. poste P1 du 29/07","ml",""
"2017-08-29 16:09:25+00","juillet_2016_maj.pdf","pj","provient du mailplanning de juillet. poste P1 du 29/07"
"2017-08-29 16:09:26+00","AOUT2016.pdf","pj","provient du mailMODIFICATION PLANNING - Concerne Corentin et Humerto"
"2017-08-29 16:09:26+00","MODIFICATION PLANNING - Concerne Corentin et Humerto","ml",""
"2017-08-29 16:09:28+00","PLANNING PC MAI 2016 Modifié","ml",""
"2017-08-29 16:09:28+00","2016_MAI.odg","pj","provient du mailPLANNING PC MAI 2016 Modifié"
"2017-08-29 16:09:28+00","Planning_PC_Janvier_2016_ref2015122302.pdf","pj","provient du mailFwd: Planning janvier 2016 ref2015122302"
"2017-08-29 16:09:28+00","Fwd: Planning janvier 2016 ref2015122302","ml",""
"2017-08-29 16:09:28+00","Re: demande de pose de repos compensateur","ml",""
"2017-08-29 16:09:29+00","PLANNING DU MOIS DE MAI 2016","ml",""
"2017-08-29 16:09:29+00","CHANGEMENT_AU_20.04.2016.pdf","pj","provient du mailAménagement planning à compter du 20/04/2016"
"2017-08-29 16:09:29+00","Aménagement planning à compter du 20/04/2016","ml",""
"2017-08-29 16:09:29+00","2016_MAI.ods","pj","provient du mailPLANNING DU MOIS DE MAI 2016"
"2017-08-29 16:09:30+00","MAJ Planning AOUT + Projet planning septembre 2017","ml",""
"2017-08-29 16:09:31+00","2017_AOUT.pdf","pj","provient du mailMAJ Planning AOUT + Projet planning septembre 2017"
"2017-08-29 16:09:31+00","2017_SEPTEMBRE.pdf","pj","provient du mailMAJ Planning AOUT + Projet planning septembre 2017"
"2017-08-29 16:09:31+00","MAJ Planning AOUT + Projet planning septembre 2017","ml",""
"2017-08-29 16:09:32+00","2017_AOUT.ods","pj","provient du mailRe: planning par mail"
"2017-08-29 16:09:32+00","Correction planning JUIN","ml",""
"2017-08-29 16:09:32+00","Re: planning par mail","ml",""
"2017-08-29 16:09:32+00","2017_JUIN.pdf","pj","provient du mailCorrection planning JUIN"
"2017-08-29 16:09:33+00","MAJ PLANNING JUIN 2017","ml",""
"2017-08-29 16:09:33+00","2017_JUIN.pdf","pj","provient du mailMAJ PLANNING JUIN 2017"
"2017-08-29 16:09:34+00","2017_JUIN.pdf","pj","provient du mailModification planning"
"2017-08-29 16:09:34+00","Réaménagement planning JUIN 2017","ml",""
"2017-08-29 16:09:34+00","2017_MAI.pdf","pj","provient du mailModification planning"
"2017-08-29 16:09:34+00","Modification planning","ml",""
"2017-08-29 16:09:34+00","2017_JUILLET.pdf","pj","provient du mailModification planning"
"2017-08-29 16:09:34+00","2017_JUIN.pdf","pj","provient du mailRéaménagement planning JUIN 2017"
"2017-08-29 16:09:35+00","2017_JUIN.pdf","pj","provient du mailPLANNING JUIN 2017"
"2017-08-29 16:09:35+00","PLANNING JUIN 2017","ml",""
"2017-08-29 16:09:36+00","PLANNING CP ETE 2017","ml",""
"2017-08-29 16:09:36+00","2017_AVRIL.pdf","pj","provient du mailDOMOVEIL - PLANNING AVRIL MAJ"
"2017-08-29 16:09:36+00","CONGES_ETE_2017_-_MAJ_du_27.04.2017.pdf","pj","provient du mailPLANNING CP ETE 2017"
"2017-08-29 16:09:36+00","DOMOVEIL - PLANNING AVRIL MAJ","ml",""
"2017-08-29 16:09:37+00","2017_AVRIL.pdf","pj","provient du mailPLANNING AVRIL 2017"
"2017-08-29 16:09:37+00","PLANNING AVRIL 2017","ml",""
"2017-08-29 16:09:37+00","2017_MARS.pdf","pj","provient du mailPLANNING AVRIL 2017"
"2017-08-29 16:09:38+00","2017.png","pj","provient du mailAménagements planning"
"2017-08-29 16:09:38+00","2017_JANVIER.pdf","pj","provient du mailAménagements planning"
"2017-08-29 16:09:38+00","MAJ PLANNING MARS","ml",""
"2017-08-29 16:09:38+00","2017_MARS.pdf","pj","provient du mailMAJ PLANNING MARS"
"2017-08-29 16:09:38+00","Aménagements planning","ml",""
"2017-08-29 16:09:39+00","2017_FEVRIER.pdf","pj","provient du mailPlanning février 2017"
"2017-08-29 16:09:39+00","MAJ Planning DÉCEMBRE 2016","ml",""
"2017-08-29 16:09:39+00","2017_JANVIER.pdf","pj","provient du mailMODIFICATION PLANNING JANVIER 2017"
"2017-08-29 16:09:39+00","DECEMBRE_MAJ_DU_08.12.2016.pdf","pj","provient du mailMAJ Planning DÉCEMBRE 2016"
"2017-08-29 16:09:39+00","MODIFICATION PLANNING JANVIER 2017","ml",""
"2017-08-29 16:09:39+00","bf","pj","provient du mailMODIFICATION PLANNING JANVIER 2017"
"2017-08-29 16:09:39+00","Planning février 2017","ml",""
"2017-08-29 16:09:40+00","2017_JANVIER.pdf","pj","provient du mailPC - Planning janvier 2017"
"2017-08-29 16:09:40+00","maj planning decembre 2016","ml",""
"2017-08-29 16:09:40+00","DECEMBRE_2016_MAJ_Du_28.11.2016.pdf","pj","provient du mailmaj planning decembre 2016"
"2017-08-29 16:09:40+00","PC - Planning janvier 2017","ml",""
"2017-08-29 16:09:41+00","DECEMBRE_2016.pdf","pj","provient du mailMAJ Planning décembre 2016"
"2017-08-29 16:09:41+00","DECEMBRE_2016_MAJ_Du_28.11.2016.pdf","pj","provient du mailMAJ Planning décembre 2016"
"2017-08-29 16:09:41+00","MAJ Planning décembre 2016","ml",""
"2017-08-29 16:09:42+00","PLANNING DECEMBRE 2016","ml",""
"2017-08-29 16:09:42+00","ANALYSE_CP_NOEL_ET_NOUVEL_AN.pdf","pj","provient du mailPlanning décembre 2016 (imminent)"
"2017-08-29 16:09:42+00","Planning décembre 2016 (imminent)","ml",""
"2017-08-29 16:09:42+00","DECEMBRE_2016.pdf","pj","provient du mailPLANNING DECEMBRE 2016"
"2017-08-29 16:09:43+00","octobre_2016.pdf","pj","provient du mailPlanning octobre 2016"
"2017-08-29 16:09:43+00","Planning octobre 2016","ml",""
"2017-08-29 16:09:44+00","PLANNING OCTOBRE 2016 Corrigé","ml",""
"2017-08-29 16:09:44+00","octobre_2016.pdf","pj","provient du mailPlanning OCTOBRE 2016"
"2017-08-29 16:09:44+00","octobre_2016.pdf","pj","provient du mailPLANNING OCTOBRE 2016 Corrigé"
"2017-08-29 16:09:44+00","Planning OCTOBRE 2016","ml",""
"2017-08-29 16:09:45+00","PLANNING OCTOBRE","ml",""
"2017-08-29 16:09:45+00","octobre_2016.pdf","pj","provient du mailPLANNING PC OCTOBRE 2016"
"2017-08-29 16:09:45+00","SEPTEMBRE_2016.pdf","pj","provient du mailPLANNING OCTOBRE"
"2017-08-29 16:09:45+00","SEPTEMBRE_2016.pdf","pj","provient du mailPLANNING PC OCTOBRE 2016"
"2017-08-29 16:09:45+00","octobre_2016.pdf","pj","provient du mailPLANNING OCTOBRE"
"2017-08-29 16:09:45+00","PLANNING PC OCTOBRE 2016","ml",""
"2017-08-29 16:09:45+00","maj Planning","ml",""
"2017-08-29 16:09:45+00","SEPTEMBRE_2016.pdf","pj","provient du mailmaj Planning"
"2017-08-29 16:09:45+00","AOUT_2016.pdf","pj","provient du mailmaj Planning"
"2017-08-29 16:09:46+00","Re: PC - Planning SEPTEMBRE 2016","ml",""
"2017-08-29 16:09:46+00","SEPTEMBRE_2016.pdf","pj","provient du mailplanning septembre 2016"
"2017-08-29 16:09:46+00","planning septembre 2016","ml",""
"2017-08-29 16:09:47+00","SEPTEMBRE_2016.pdf","pj","provient du mailPC - Planning SEPTEMBRE 2016"
"2017-08-29 16:09:47+00","SEPTEMBRE_2016.pdf","pj","provient du mailPC PLANNING SEPTEMBRE 2016"
"2017-08-29 16:09:47+00","PC PLANNING SEPTEMBRE 2016","ml",""
"2017-08-29 16:09:47+00","AOUT_2016.pdf","pj","provient du mailPC - Planning SEPTEMBRE 2016"
"2017-08-29 16:09:47+00","PC - Planning SEPTEMBRE 2016","ml",""
"2017-08-29 16:09:48+00","AOUT_2016.pdf","pj","provient du mailPLANNING AOUT 2016 rectifié"
"2017-08-29 16:09:48+00","PLANNING AOUT 2016 rectifié","ml",""
"2017-08-29 16:09:48+00","Re: planning mois d août","ml",""
"2017-08-29 16:09:49+00","AOUT_2016.pdf","pj","provient du mailPC PLANNING AOUT 2016"
"2017-08-29 16:09:49+00","PC PLANNING AOUT 2016","ml",""
"2017-08-29 16:09:50+00","JUILLET_2016.pdf","pj","provient du mailRectifications planning JUILLET 2016"
"2017-08-29 16:09:50+00","planning juillet 2016","ml",""
"2017-08-29 16:09:50+00","2016_JUILLET.pdf","pj","provient du mailplanning juillet 2016"
"2017-08-29 16:09:50+00","Rectifications planning JUILLET 2016","ml",""
"2017-08-29 16:09:51+00","2016_JUIN.pdf","pj","provient du mailMAJ Planning"
"2017-08-29 16:09:51+00","Re: planning de juin","ml",""
"2017-08-29 16:09:51+00","2016_JUIN.pdf","pj","provient du mailrectificatif planning juin"
"2017-08-29 16:09:51+00","MAJ Planning","ml",""
"2017-08-29 16:09:51+00","rectificatif planning juin","ml",""
"2017-08-29 16:09:52+00","2016_JUIN.pdf","pj","provient du mailPLANNING JUIN 2016"
"2017-08-29 16:09:52+00","2016_AVRIL_MAJ_AU_19.04.2016.ods","pj","provient du mailModifications planning 2016"
"2017-08-29 16:09:52+00","PLANNING JUIN 2016","ml",""
"2017-08-29 16:09:52+00","MAJ PLANNING CONGES","ml",""
"2017-08-29 16:09:52+00","Modifications planning 2016","ml",""
"2017-08-29 16:09:52+00","CONGES_ETE_2016.pdf","pj","provient du mailMAJ PLANNING CONGES"
"2017-08-29 16:09:53+00","Planning_PC_Décembre_2015.pdf","pj","provient du mailPlanning Décembre 2015"
"2017-08-29 16:09:53+00","Planning Décembre 2015","ml",""
"2017-08-29 16:09:53+00","Planning Février 2016","ml",""
"2017-08-29 16:09:53+00","Planning_PC_Février_2016_ref2016011901.pdf","pj","provient du mailPlanning Février 2016"
"2017-08-29 16:09:53+00","Planning_PC_Mars_2016_ref2016021701.pdf","pj","provient du mailPlanning mars 2016"
"2017-08-29 16:09:53+00","Planning mars 2016","ml",""
"2017-08-29 16:09:54+00","3474_001.pdf","pj","provient du mailPlanning novembre 2015"
"2017-08-29 16:09:54+00","Planning novembre 2015","ml",""
"2017-08-29 16:09:54+00","absence de Hans du 23h30 à 07h00","ml",""
"2017-08-29 16:09:55+00","casse froid Match Niederbronn du 10.08.2015","ml",""
"2017-08-29 16:09:56+00","ECOUTES - ENREGISTREMENT","ml",""
"2017-08-29 16:09:56+00","absence de benoit V ce soir","ml",""
"2017-08-29 16:09:57+00","MESSAGES INDESIRABLES SUR ZIMBRA","ml",""
"2017-08-29 16:09:58+00","Absence de Loic ce lundi 22.06.2015 de 19h à 7h","ml",""
"2017-08-29 16:09:58+00","sebastien a dit que tu etais un.....","ml",""
"2017-08-29 16:09:59+00","LA SATISFACTION CLIENTS","ml",""
"2017-08-29 16:10:00+00","Re: demande d'autorisation d'absence le 11 juin.","ml",""
"2017-08-29 16:10:01+00","Re: demande d'autorisation d'absence le 11 juin.","ml",""
"2017-08-29 16:10:01+00","ABSENCE DE HANS CE WEEK END","ml",""
"2017-08-29 16:10:01+00","MODIFICATION PLANNING POUR le week end du 23 et 24.05.2015","ml",""
"2017-08-29 16:10:02+00","INSCRIPTION DELEGUE DU PERSONNEL","ml",""
"2017-08-29 16:10:02+00","RETOUR DE HUMBERTO","ml",""
"2017-08-29 16:10:02+00","LISTE_DES_CANDIDATSDDP2015.doc","pj","provient du mailINSCRIPTION DELEGUE DU PERSONNEL"
"2017-08-29 16:10:03+00","connexion webclient","ml",""
"2017-08-29 16:10:03+00","planning modifié pour arrêt maladie d humberto maintenu","ml",""
"2017-08-29 16:10:03+00","changement planning chris g et laurent ?","ml",""
"2017-08-29 16:10:03+00","modif_planning_derniere_semaine_d_avril_pour_laurent_et_chris_g.ods","pj","provient du mailchangement planning chris g et laurent ?"
"2017-08-29 16:10:04+00","MODIF A COMPTER DE CETTE SEMAINE POUR 3 SEMAINES SI HUMB EN AM","ml",""
"2017-08-29 16:10:04+00","envoi des modifs. désolée","ml",""
"2017-08-29 16:10:04+00","modif_semaine_du_07.04_au_26.6_si_AM_humberto.xlsx","pj","provient du mailenvoi des modifs. désolée"
"2017-08-29 16:10:04+00","Re: planning du 7 au  26 si am humberto","ml",""
"2017-08-29 16:10:05+00","MODIFICATION DE PLANNING A COMPTER DU 03.03.2015","ml",""
"2017-08-29 16:10:05+00","CONGES ETE 2015","ml",""
"2017-08-29 16:10:05+00","CONGES_ETE_2015.xlsx","pj","provient du mailCONGES ETE 2015"
"2017-08-29 16:10:05+00","modif_planning_a_compter_du_03.03.2015.xlsx","pj","provient du mailMODIFICATION DE PLANNING A COMPTER DU 03.03.2015"
"2017-08-29 16:10:05+00","DELAI D INTERVENTION CONTRACTUEL POUR MNF SUR SITE DE MAIRIE DE  ROUBAIX","ml",""
"2017-08-29 16:10:06+00","POSTE DU 03.03.2015 POUR LOIC ET BENOIT V MODIFICATION PLANNING","ml",""
"2017-08-29 16:10:06+00","CONGES 2015","ml",""
"2017-08-29 16:10:07+00","MODIF_PLANNING_A_COMPTER_DU_01.01.2015.xlsx","pj","provient du mailPLANNING A COMPTER DU 01.01.2015"
"2017-08-29 16:10:07+00","je ne t ai pas trouvé sur le cahier de pointage le 3 et le 5 décembre ?","ml",""
"2017-08-29 16:10:07+00","ameline en congés patho à compter du 05.01.2015.","ml",""
"2017-08-29 16:10:07+00","PLANNING A COMPTER DU 01.01.2015","ml",""
"2017-08-29 16:10:08+00","planning_vacances_de_noel_etc.xlsx","pj","provient du maille planning provisoire.... (je dois faire poser les ""5 eme semaine début janvier ..peut être à compter du 05.01.2014)"
"2017-08-29 16:10:08+00","Poste permanence du matin et charge de travail journalière","ml",""
"2017-08-29 16:10:08+00","Modification planning pc à compter du 15.09.2014","ml",""
"2017-08-29 16:10:08+00","Local Permanence Téléphonique","ml",""
"2017-08-29 16:10:08+00","Fwd: CNAPS RENOUVELLEMENT CARTE","ml",""
"2017-08-29 16:10:08+00","Re: Poste permanence du matin et charge de travail journalière","ml",""
"2017-08-29 16:10:08+00","Copie carte CNAPS","ml",""
"2017-08-29 16:10:08+00","vacances_2014.xlsx","pj","provient du mailTABLEAU DES DEPARTS EN VACANCES 2014"
"2017-08-29 16:10:08+00","FUNERAILLES DE MR YANNICK DARRAS jeudi 3 juillet 2014 à 9h15  église ste Anne bd du brun pain à tourcoing","ml",""
"2017-08-29 16:10:08+00","TABLEAU DES DEPARTS EN VACANCES 2014","ml",""
"2017-08-29 16:10:08+00","Propreté Locaux","ml",""
"2017-08-29 16:10:08+00","le planning provisoire.... (je dois faire poser les ""5 eme semaine début janvier ..peut être à compter du 05.01.2014)","ml",""
"2017-08-29 16:10:08+00","modif_planning_pc_à_compter_du_15.09.2014.xlsx","pj","provient du mailModification planning pc à compter du 15.09.2014"
"2017-08-29 16:10:09+00","PERM DOMO","ml",""
"2017-08-29 16:10:09+00","PERM012014DOMOVEIL.xlsx","pj","provient du mailPERM DOMO"
"2017-08-29 16:10:09+00","vacances ete 2014 - manque la pose des conges de corentin (4  semaines) - adeline(15 jours)- surin (15 jours)","ml",""
"2017-08-29 16:10:10+00","CNAPS RENOUVELLEMENT CARTE","ml",""
"2017-08-29 16:10:10+00","signature_boite_fonctionnelle.png","pj","provient du mailRe: demande de renouvellement de carte pro"
"2017-08-29 16:10:10+00","Re: demande de renouvellement de carte pro","ml",""
"2017-08-29 16:10:11+00","carte pro...","ml",""
"2017-08-29 16:10:11+00","renouvellement carte pro -lien ci joint....rappel dépot des dossiers 3 mois minimum avant date d'expiration","ml",""
"2017-08-29 16:10:11+00","Horaires pour HANS pour les 15 prochains jours - lui communiquer  svp.merci","ml",""
"2017-08-29 16:10:11+00","ERREUR SUR PLANNING","ml",""
"2017-08-29 16:10:12+00","Permanence Téléphonique","ml",""
"2017-08-29 16:10:12+00","poste et travail","ml",""
"2017-08-29 16:10:13+00","back up - modification de planning","ml",""
"2017-08-29 16:10:13+00","modif_planning_10.7.2013.xls","pj","provient du mailmodification planning du 17.07 au 31.08.2013"
"2017-08-29 16:10:13+00","modification planning du 17.07 au 31.08.2013","ml",""
"2017-08-29 16:10:13+00","CONNEXION CONTROLE DISTANT SUR L ENSEMBLE DES PERMANENCES -","ml",""
"2017-08-29 16:10:14+00","IT_209_A_Logigramme_de_fonctionnement_de_l_Astreine_SSI_SERVICE.PDF","pj","provient du mailFwd: Fwd: Logigramme d'astreinte SSI"
"2017-08-29 16:10:14+00","Fwd: Fwd: Logigramme d'astreinte SSI","ml",""
"2017-08-29 16:10:15+00","planning_du_18112013_au_05012013.xlsx","pj","provient du mailmodif et suite du planning operateur du 18.11 au 05.01.2014"
"2017-08-29 16:10:15+00","modif et suite du planning operateur du 18.11 au 05.01.2014","ml",""
"2017-08-29 16:10:15+00","clip_image001.gif","pj","provient du mailINSATISFACTION CLIENTELE"
"2017-08-29 16:10:15+00","INSATISFACTION CLIENTELE","ml",""
"2017-08-29 16:10:17+00","Formulaire-carte-pro.pdf","pj","provient du mailMISE A JOUR DE VOS DOSSIERS - URGENT - RAPPEL"
"2017-08-29 16:10:17+00","planning_du_01.01.2014_AU_06.04.2014_-_MODIF_ATTENTION.xlsx","pj","provient du mailnouveau planning et horaire pour la permanence."
"2017-08-29 16:10:17+00","planning_du_01.01.2014_AU_06.04.2014_-_MODIF_ATTENTION.xlsx","pj","provient du mailplanning bis"
"2017-08-29 16:10:17+00","planning bis","ml",""
"2017-08-29 16:10:17+00","nouveau planning et horaire pour la permanence.","ml",""
"2017-08-29 16:10:17+00","MISE A JOUR DE VOS DOSSIERS - URGENT - RAPPEL","ml",""
"2017-08-29 16:10:17+00","code-de-deontologie-A4.pdf","pj","provient du mailMISE A JOUR DE VOS DOSSIERS - URGENT - RAPPEL"
"2017-08-29 16:10:18+00","ECOUTE - ENREGISTREMENT","ml",""
"2017-08-29 16:10:18+00","Fwd: Fwd: Fax received from ""polesantetravail"" - POUR BEN VISITE  MEDICALE","ml",""
"2017-08-29 16:10:18+00","fax000013355.pdf","pj","provient du mailFwd: Fwd: Fax received from ""polesantetravail"" - POUR BEN VISITE  MEDICALE"
"2017-08-29 16:10:18+00","VIDEOSURVEILLANCE","ml",""
"2017-08-29 16:10:19+00","Suite à mon dernier message il me manque les documents de corentin, humberto, ben et christophe langlet imperativement retourné avant le 21.10.2013. merci","ml",""
"2017-08-29 16:10:19+00","RAPPEL SUR MAI du lundi de paques pour","ml",""
"2017-08-29 16:10:19+00","lundi de paques - 1er avril.....désolée je ne l ai comptabilisé à personne en jour férié...je rattrape tt cà sur mai..encore une fois désolée...(je n ai pas oublié le 1er mai)","ml",""
"2017-08-29 16:10:20+00","pour consulter la convention collective à tout moment vous pouvez cliquer sur le lient suivant","ml",""
"2017-08-29 16:10:20+00","modif planning arret maladie humbero","ml",""
"2017-08-29 16:10:20+00","modif_planning_arret_humberto.xlsx","pj","provient du mailmodif planning arret maladie humbero"
"2017-08-29 16:10:20+00","TU NE M AS PAS RENDU LE CODE DE DEONTONLOGIE SIGNE. TU ES LE  DERNIER DU PC. SANS FAUTE A TON RETOUR DE VACANCES.MERCI","ml",""
"2017-08-29 16:10:22+00","POUR CHRISTOPHE GOSSART","ml",""
"2017-08-29 16:10:22+00","Fwd: erreur ou pas sur le planning","ml",""
"2017-08-29 16:10:23+00","planning_bis_vacances_2013.xls","pj","provient du mailplanning avec modif intégrée suite erreur de ma part ou modif demandée par vous"
"2017-08-29 16:10:23+00","planning avec modif intégrée suite erreur de ma part ou modif demandée par vous","ml",""
"2017-08-29 16:10:24+00","planning avril2013 -","ml",""
"2017-08-29 16:10:24+00","avril_opérateur.xls","pj","provient du mailplanning avril2013 -"
"2017-08-29 16:10:25+00","vacances 2013.....","ml",""
"2017-08-29 16:10:25+00","planning_vacances2013.xls","pj","provient du mailvacances 2013....."
"2017-08-29 16:10:26+00","CONSIGNES - ACTION","ml",""
"2017-08-29 16:10:26+00","du 21/03 au 07/04","ml",""
"2017-08-29 16:10:26+00","rectificatif semaine du 03.06 au 09.06 pour christophe g et humberto","ml",""
"2017-08-29 16:10:26+00","5eme_semain_du_21.03.2013_AU_07.04.2013.xls","pj","provient du maildu 21/03 au 07/04"
"2017-08-29 16:10:27+00","RIB","ml",""
